"Address","Occurrences","Meta Description 1","Meta Description 1 Length","Meta Description 1 Pixel Width","Indexability","Indexability Status"
"https://uncodemy.com/course/data-analytics-using-python-training-course-in-noida","1","DATA ANALYTICS WITH UNCODEMY Is it true that you are Looking for the Best Institute for Data Analytics utilizing Python...","122","787","Indexable",""
"https://uncodemy.com/course/data-analytics-using-python-training-course-in-delhi","1","DATA ANALYTICS WITH UNCODEMY Is it true that you are Looking for the Best Institute for Data Analytics utilizing Python...","122","787","Indexable",""
"https://uncodemy.com/course/autocad-training-course-in-delhi","1","Enroll now at the best UI/UX Designing Training Institute in Delhi - The best UI/UX Designing Courses in Delhi for Certification and jobs.","138","846","Indexable",""
"https://uncodemy.com/course/uiux-training-course-in-delhi","1","Enroll now at the best UI/UX Designing Training Institute in Delhi - The best UI/UX Designing Courses in Delhi for Certification and jobs.","138","846","Indexable",""
"https://uncodemy.com/course/autocad-training-course-in-noida","1","Enroll now at the best UI/UX Designing Training Institute in Noida - The best UI/UX Designing Courses in Noida for Certification and jobs.","138","858","Indexable",""
"https://uncodemy.com/course/uiux-training-course-in-noida","1","Enroll now at the best UI/UX Designing Training Institute in Noida - The best UI/UX Designing Courses in Noida for Certification and jobs.","138","858","Indexable",""
"https://uncodemy.com/course/software-testing-training-course-in-guntur","1","Enroll now at Uncodemy, the Best Software Testing Training Institute in Guntur. Uncodemy offers the best Software Testing Course in Guntur with live projects by expert trainers.","177","1120","Indexable",""
"https://uncodemy.com/course/software-testing-training-course-in-solapur","1","Enroll now at Uncodemy, the Best Software Testing Training Institute in Guntur. Uncodemy offers the best Software Testing Course in Guntur with live projects by expert trainers.","177","1120","Indexable",""
"https://uncodemy.com/course/full-stack-development-training-course-in-noida","1","Enroll now at Uncodemy the best Full stack development certification training institute in Noida. Get 100% job placement assistance and trained by industry experts.","164","1035","Indexable",""
"https://uncodemy.com/course/r-programming-training-course-in-noida","1","Enroll now at Uncodemy the best Full stack development certification training institute in Noida. Get 100% job placement assistance and trained by industry experts.","164","1035","Indexable",""
"https://uncodemy.com/course/cnc-programming-training-course-in-noida","1","Enroll now at Uncodemy the Best Java Certification Training institute in Noida. Uncodemy offers the best Java course in Noida by expert trainers on live projects with 100% job placement assistance.","197","1249","Indexable",""
"https://uncodemy.com/course/java-training-course-in-noida","1","Enroll now at Uncodemy the Best Java Certification Training institute in Noida. Uncodemy offers the best Java course in Noida by expert trainers on live projects with 100% job placement assistance.","197","1249","Indexable",""
"https://uncodemy.com/course/ai-using-python-training-course-in-noida","1","Learn AI using Python Course & Get Certificate. Take Uncodemy's Python AI course and learn the essential foundations of AI using Python.","136","876","Indexable",""
"https://uncodemy.com/course/ai-using-python-training-course-in-delhi","1","Learn AI using Python Course & Get Certificate. Take Uncodemy's Python AI course and learn the essential foundations of AI using Python.","136","876","Indexable",""
"https://uncodemy.com/course/digital-marketing-course-in-coimbatore","1","The Best Digital Marketing Certification Course in Coimbatore is provided by Uncodemy. Boost your digital marketing skills with Digital Marketing courses.","154","971","Indexable",""
"https://uncodemy.com/course/selenium-course-in-coimbatore","1","The Best Digital Marketing Certification Course in Coimbatore is provided by Uncodemy. Boost your digital marketing skills with Digital Marketing courses.","154","971","Indexable",""
"https://uncodemy.com/course/salesforce-training-course-in-delhi","1","The Best Digital Marketing Certification Course in Delhi is provided by Uncodemy. Boost your digital marketing skills with Digital Marketing courses.","149","928","Indexable",""
"https://uncodemy.com/course/selenium-course-in-delhi","1","The Best Digital Marketing Certification Course in Delhi is provided by Uncodemy. Boost your digital marketing skills with Digital Marketing courses.","149","928","Indexable",""
"https://uncodemy.com/course/seo-search-engine-optimization-training-course-in-noida","1","The Best Digital Marketing Certification Course in Noida is provided by Uncodemy. Boost your digital marketing skills with Digital Marketing courses.","149","934","Indexable",""
"https://uncodemy.com/course/salesforce-training-course-in-noida","1","The Best Digital Marketing Certification Course in Noida is provided by Uncodemy. Boost your digital marketing skills with Digital Marketing courses.","149","934","Indexable",""
"https://uncodemy.com/course/digital-marketing-training-course-in-noida","1","The Best Digital Marketing Certification Course in Noida is provided by Uncodemy. Boost your digital marketing skills with Digital Marketing courses.","149","934","Indexable",""
"https://uncodemy.com/course/selenium-course-in-noida","1","The Best Digital Marketing Certification Course in Noida is provided by Uncodemy. Boost your digital marketing skills with Digital Marketing courses.","149","934","Indexable",""
"https://uncodemy.com/course/artificial-intelligence-training-course-in-kurnool","1","Uncodemy offers comprehensive Artficial Intelligence Training Course in Agra, covering the latest tools and techniques in data mining, visualization, and statistical analysis.","175","1084","Indexable",""
"https://uncodemy.com/course/artificial-intelligence-training-course-in-kollam","1","Uncodemy offers comprehensive Artficial Intelligence Training Course in Agra, covering the latest tools and techniques in data mining, visualization, and statistical analysis.","175","1084","Indexable",""
"https://uncodemy.com/course/artificial-intelligence-training-course-in-agra","1","Uncodemy offers comprehensive Artficial Intelligence Training Course in Agra, covering the latest tools and techniques in data mining, visualization, and statistical analysis.","175","1084","Indexable",""
"https://uncodemy.com/course/artificial-intelligence-training-course-in-prakasam","1","Uncodemy offers comprehensive Artficial Intelligence Training Course in Prakasam, covering the latest tools and techniques in data mining, visualization, and statistical analysis.","179","1118","Indexable",""
"https://uncodemy.com/course/artificial-intelligence-training-course-in-warangal","1","Uncodemy offers comprehensive Artficial Intelligence Training Course in Prakasam, covering the latest tools and techniques in data mining, visualization, and statistical analysis.","179","1118","Indexable",""
"https://uncodemy.com/course/business-analyts-course-in-prakasam","1","Uncodemy offers comprehensive Business-analytics Training Course in Prakasam, covering the latest tools and techniques in data mining, visualization, and statistical analysis.","175","1111","Indexable",""
"https://uncodemy.com/course/business-analyst-training-course-in-warangal","1","Uncodemy offers comprehensive Business-analytics Training Course in Prakasam, covering the latest tools and techniques in data mining, visualization, and statistical analysis.","175","1111","Indexable",""
"https://uncodemy.com/course/machine-learning-training-course-in-prakasam","1","Uncodemy offers comprehensive Machine Learning Training Course in Prakasam, covering the latest tools and techniques in data mining, visualization, and statistical analysis.","173","1107","Indexable",""
"https://uncodemy.com/course/machine-learning-training-course-in-warangal","1","Uncodemy offers comprehensive Machine Learning Training Course in Prakasam, covering the latest tools and techniques in data mining, visualization, and statistical analysis.","173","1107","Indexable",""
"https://uncodemy.com/course/devops-training-course-in-coimbatore","1","Uncodemy offers the best Devops Certification Course in Coimbatore. Our DevOps Course is designed to get the Placement in Top MNC's.","132","873","Indexable",""
"https://uncodemy.com/course/ethical-hacking-course-in-coimbatore","1","Uncodemy offers the best Devops Certification Course in Coimbatore. Our DevOps Course is designed to get the Placement in Top MNC's.","132","873","Indexable",""
"https://uncodemy.com/course/ethical-hacking-course-in-noida","1","Uncodemy offers the best Devops Certification Course in Noida. Our DevOps Course is designed to get the Placement in Top MNC's.","127","835","Indexable",""
"https://uncodemy.com/course/devops-training-course-in-noida","1","Uncodemy offers the best Devops Certification Course in Noida. Our DevOps Course is designed to get the Placement in Top MNC's.","127","835","Indexable",""
"https://uncodemy.com/course/vmware-training-course-in-noida","1","VMWARE DEVLOPEMENT WITH UNCODEMY VMWare Training is astoundingly crucial for candidates who need to look for their calling in this...","133","898","Indexable",""
"https://uncodemy.com/course/vmware-training-course-in-delhi","1","VMWARE DEVLOPEMENT WITH UNCODEMY VMWare Training is astoundingly crucial for candidates who need to look for their calling in this...","133","898","Indexable",""
